Lilianna,Owens,Female,18,l.owens@randatmail.com,999-2334-12A,Lower secondary,Interpreter,115816,Single,4
Elian,Foster,Male,26,e.foster@randatmail.com,907-2333-55A,Doctoral,Singer,138689,Married,4
Paige,Ryan,Female,22,p.ryan@randatmail.com,811-5195-92A,Lower secondary,Biochemist,191096,Single,3
Oliver,Davis,Male,28,o.davis@randatmail.com,552-3654-03,Doctoral,Programmer,184013,Married,5
Oscar,Sullivan,Male,21,o.sullivan@randatmail.com,888-7284-39,Bachelor,Historian,69166,Single,2
Amanda,Carter,Female,25,a.carter@randatmail.com,296-4436-81,Primary,Lawer,102154,Single,5
Stuart,Cunningham,Male,25,s.cunningham@randatmail.com,101-8555-77,Doctoral,Archeologist,141278,Married,2
Alen,Jones,Male,24,a.jones@randatmail.com,979-3061-02,Bachelor,Physicist,183694,Single,1
Byron,Stewart,Male,25,b.stewart@randatmail.com,708-8061-97,Bachelor,Social Worker,156340,Married,4
Daryl,Farrell,Male,30,d.farrell@randatmail.com,984-6010-66,Upper secondary,Singer,94327,Single,4
Edwin,Chapman,Male,19,e.chapman@randatmail.com,963-1282-55,Master,Firefighter,163070,Single,3
Evelyn,Lloyd,Female,24,e.lloyd@randatmail.com,328-6546-35,Lower secondary,Scientist,48216,Single,1
Kirsten,Elliott,Female,29,k.elliott@randatmail.com,609-2892-15,Lower secondary,Astronomer,137265,Married,1
Kristian,Rogers,Male,23,k.rogers@randatmail.com,238-9017-21,Master,Biochemist,66098,Married,3
Alen,Parker,Male,30,a.parker@randatmail.com,149-6298-53,Lower secondary,Salesman,168429,Single,0
Adrianna,Wright,Female,22,a.wright@randatmail.com,923-9720-49,Primary,Manager,110931,Single,4
Frederick,Harris,Male,18,f.harris@randatmail.com,977-0831-69,Lower secondary,Lawer,86741,Single,1
William,Kelley,Male,18,w.kelley@randatmail.com,185-7995-29,Doctoral,Lecturer,88297,Single,2
Agata,Gray,Female,24,a.gray@randatmail.com,754-6694-39,Bachelor,Interpreter,195248,Single,5
Julia,Martin,Female,18,j.martin@randatmail.com,901-0308-66,Master,Medic,103551,Married,5
Lucy,Reed,Female,26,l.reed@randatmail.com,794-7685-64,Master,Dancer,78513,Single,1
Brianna,Casey,Female,23,b.casey@randatmail.com,328-2217-48,Lower secondary,Hairdresser,34493,Married,3
Garry,Gray,Male,26,g.gray@randatmail.com,033-7407-47,Lower secondary,Programmer,86074,Married,0
Elise,Armstrong,Female,29,e.armstrong@randatmail.com,819-8381-57,Primary,Manager,65844,Single,4
Ted,Andrews,Male,23,t.andrews@randatmail.com,247-7119-48,Upper secondary,Programmer,185269,Single,0
Ryan,West,Male,22,r.west@randatmail.com,587-9395-10,Bachelor,Police Officer,69807,Single,1
Amy,Hawkins,Female,22,a.hawkins@randatmail.com,635-5534-56,Upper secondary,Driver,50374,Single,3
Ada,Campbell,Female,19,a.campbell@randatmail.com,794-6134-86,Lower secondary,Meteorologist,75683,Married,5
Joyce,Casey,Female,30,j.casey@randatmail.com,173-7627-78,Lower secondary,Pharmacist,157092,Single,5
Elian,Gray,Male,25,e.gray@randatmail.com,203-2207-30,Primary,Lawer,147359,Married,0
Joyce,Roberts,Female,23,j.roberts@randatmail.com,022-7218-39,Master,Carpenter,50879,Married,5
Amanda,Grant,Female,26,a.grant@randatmail.com,467-5914-16,Primary,Manager,35915,Single,4
Emma,Armstrong,Female,27,e.armstrong@randatmail.com,157-5058-36,Doctoral,Florist,33464,Single,4
Fenton,Scott,Male,21,f.scott@randatmail.com,967-9479-06,Upper secondary,Electrician,157891,Single,4
Andrew,Casey,Male,18,a.casey@randatmail.com,347-8991-26,Primary,Interior Designer,141286,Single,3
Honey,Harris,Female,23,h.harris@randatmail.com,106-6117-11,Upper secondary,Mathematician,114616,Married,4
Jenna,Miller,Female,18,j.miller@randatmail.com,113-2025-66,Primary,Florist,78218,Married,1
Kevin,Stevens,Male,22,k.stevens@randatmail.com,033-3945-88,Bachelor,Interior Designer,97359,Married,2
Darcy,Ross,Female,26,d.ross@randatmail.com,702-3821-60,Master,Physicist,161165,Single,0
Camila,Dixon,Female,21,c.dixon@randatmail.com,814-4819-20,Doctoral,Producer,43187,Married,0
Adrian,Morrison,Male,28,a.morrison@randatmail.com,475-2429-40,Primary,Lawer,131058,Married,4
Albert,West,Male,19,a.west@randatmail.com,669-8546-33,Doctoral,Singer,87223,Married,0
Violet,Adams,Female,25,v.adams@randatmail.com,714-1715-97,Bachelor,Baker,131764,Single,3
Kellan,Wells,Male,23,k.wells@randatmail.com,257-2702-76,Lower secondary,Scientist,176791,Single,0
Rosie,Richards,Female,29,r.richards@randatmail.com,165-8560-38,Primary,Auditor,92317,Married,5
Henry,Robinson,Male,24,h.robinson@randatmail.com,157-4086-76,Upper secondary,Archeologist,125108,Married,0
Adrian,Jones,Male,24,a.jones@randatmail.com,696-6729-35,Upper secondary,Lecturer,36084,Single,0
Stuart,Brooks,Male,24,s.brooks@randatmail.com,612-7242-66,Upper secondary,Physicist,129240,Single,1
Stuart,Carter,Male,21,s.carter@randatmail.com,969-5799-50,Upper secondary,Archeologist,155486,Married,2
Tyler,Cunningham,Male,25,t.cunningham@randatmail.com,640-6088-40,Doctoral,Physicist,34343,Married,5
Rafael,Barnes,Male,22,r.barnes@randatmail.com,546-1325-74,Upper secondary,Fine Artist,82863,Married,4
Briony,Ellis,Female,27,b.ellis@randatmail.com,815-3884-42,Upper secondary,Graphic Designer,59827,Married,2
Sienna,Holmes,Female,23,s.holmes@randatmail.com,673-0367-15,Master,Auditor,88272,Single,3
Michael,Grant,Male,24,m.grant@randatmail.com,579-5903-06,Doctoral,Hairdresser,44865,Single,1
Jessica,Johnson,Female,24,j.johnson@randatmail.com,636-9694-11,Doctoral,Historian,37155,Single,5
Maria,Mason,Female,19,m.mason@randatmail.com,381-5417-22,Lower secondary,Fashion Designer,51869,Married,5
George,Roberts,Male,29,g.roberts@randatmail.com,879-6685-30,Master,Salesman,81533,Married,5
Joyce,Brooks,Female,27,j.brooks@randatmail.com,736-5173-76,Upper secondary,Lawer,181980,Married,5
Henry,Richards,Male,22,h.richards@randatmail.com,374-4401-97,Lower secondary,Chef,103920,Single,3
David,Murphy,Male,21,d.murphy@randatmail.com,938-1643-27,Lower secondary,Police Officer,38713,Married,1
Hailey,Martin,Female,21,h.martin@randatmail.com,139-5874-80,Doctoral,Biochemist,91205,Married,4
Belinda,Ferguson,Female,26,b.ferguson@randatmail.com,272-5954-32,Doctoral,Manager,127554,Single,5
Sienna,Williams,Female,20,s.williams@randatmail.com,299-6350-69,Upper secondary,Historian,40400,Married,3
Lilianna,Myers,Female,25,l.myers@randatmail.com,443-9034-99,Primary,Biochemist,100816,Single,2
Alen,Hawkins,Male,24,a.hawkins@randatmail.com,717-2769-68,Upper secondary,Botanist,198091,Married,1
Arnold,Anderson,Male,29,a.anderson@randatmail.com,254-4675-47,Lower secondary,Meteorologist,40543,Single,4
Adrianna,Russell,Female,20,a.russell@randatmail.com,722-1002-78,Bachelor,Interpreter,38656,Married,4
Madaline,Tucker,Female,26,m.tucker@randatmail.com,223-9732-32,Primary,Lecturer,185338,Single,0
Savana,Montgomery,Female,29,s.montgomery@randatmail.com,463-4781-75,Primary,Lecturer,107235,Single,5
Stuart,Holmes,Male,19,s.holmes@randatmail.com,972-6126-36,Bachelor,Veterinarian,141248,Single,3
Thomas,Alexander,Male,27,t.alexander@randatmail.com,542-8559-16,Master,Interior Designer,33227,Married,5
Adrianna,Gray,Female,30,a.gray@randatmail.com,211-6401-09,Doctoral,Architect,199755,Single,4
Maximilian,Dixon,Male,27,m.dixon@randatmail.com,684-9147-73,Master,Fine Artist,30992,Single,4
Savana,Harrison,Female,28,s.harrison@randatmail.com,856-2924-25,Master,Hairdresser,133650,Married,4
Brad,Clark,Male,19,b.clark@randatmail.com,701-7190-75,Doctoral,Archeologist,41992,Married,2
Blake,Johnston,Male,22,b.johnston@randatmail.com,767-9163-21,Lower secondary,Historian,188460,Single,5
Max,Henderson,Male,19,m.henderson@randatmail.com,924-1464-77,Master,Biochemist,32814,Single,0
Richard,Kelly,Male,24,r.kelly@randatmail.com,783-8296-38,Doctoral,Chef,118874,Single,5
Michael,Andrews,Male,20,m.andrews@randatmail.com,296-6915-50,Master,Lecturer,123387,Single,1
Ned,Thompson,Male,21,n.thompson@randatmail.com,696-0029-96,Primary,Graphic Designer,107538,Single,0
Maddie,Allen,Female,22,m.allen@randatmail.com,817-8410-25,Master,Carpenter,35845,Married,4
Kirsten,Edwards,Female,20,k.edwards@randatmail.com,169-6973-33,Primary,Composer,190611,Single,4
Joyce,Hamilton,Female,24,j.hamilton@randatmail.com,411-4969-31,Doctoral,Driver,164684,Married,0
Fiona,Kelley,Female,19,f.kelley@randatmail.com,001-3167-84,Upper secondary,Actor,115674,Married,5
Tara,Davis,Female,19,t.davis@randatmail.com,752-5624-14,Master,Accountant,152534,Married,0
Ellia,Rogers,Female,20,e.rogers@randatmail.com,062-8357-05,Master,Mathematician,84374,Married,5
Kristian,Johnson,Male,28,k.johnson@randatmail.com,512-0396-53,Doctoral,Lawer,174924,Married,5
Frederick,Thompson,Male,21,f.thompson@randatmail.com,337-3955-74,Lower secondary,Baker,140698,Married,1
James,Casey,Male,27,j.casey@randatmail.com,800-1896-07,Master,Florist,139142,Single,4
Sam,Cole,Male,30,s.cole@randatmail.com,784-4465-50,Doctoral,Hairdresser,188061,Married,1
Ada,Carter,Female,24,a.carter@randatmail.com,148-2294-36,Master,Firefighter,65421,Married,3
Amanda,Morgan,Female,20,a.morgan@randatmail.com,041-0622-27,Doctoral,Interpreter,127169,Married,5
Melanie,Walker,Female,21,m.walker@randatmail.com,815-2517-65,Doctoral,Firefighter,124660,Single,5
Adelaide,Davis,Female,28,a.davis@randatmail.com,317-7037-02,Bachelor,Insurer,97167,Married,2
Alan,Parker,Male,27,a.parker@randatmail.com,338-1301-16,Upper secondary,Accountant,173580,Married,0
Carina,Perry,Female,22,c.perry@randatmail.com,369-2084-56,Doctoral,Firefighter,153990,Single,2
Hailey,Carter,Female,19,h.carter@randatmail.com,959-4581-17,Primary,Veterinarian,69087,Married,0
Melanie,Ferguson,Female,19,m.ferguson@randatmail.com,484-8454-34,Upper secondary,Jeweller,52881,Single,2
Adele,Elliott,Female,21,a.elliott@randatmail.com,972-7199-94,Bachelor,Archeologist,30029,Married,0
Antony,Gibson,Male,21,a.gibson@randatmail.com,721-4536-42,Master,Biochemist,181178,Single,1
Lucy,Riley,Female,24,l.riley@randatmail.com,224-6673-69,Primary,Florist,164123,Single,2
Belinda,Russell,Female,19,b.russell@randatmail.com,902-3564-56,Bachelor,Agronomist,43404,Single,3
Lucia,Wells,Female,25,l.wells@randatmail.com,169-0708-44,Doctoral,Historian,117072,Married,1
Miranda,Rogers,Female,28,m.rogers@randatmail.com,757-1780-56,Doctoral,Manager,150153,Single,1
Kristian,Stewart,Male,26,k.stewart@randatmail.com,001-8996-13,Doctoral,Accountant,102545,Single,4
Maddie,Cunningham,Female,23,m.cunningham@randatmail.com,911-0133-10,Primary,Driver,132893,Single,4
Alisa,Thompson,Female,24,a.thompson@randatmail.com,715-7050-85,Master,Baker,78304,Married,4
Ada,Murray,Female,23,a.murray@randatmail.com,882-9535-51,Doctoral,Physicist,85448,Married,2
Ned,Cole,Male,27,n.cole@randatmail.com,172-2233-89,Bachelor,Actor,155494,Single,5
Maddie,Johnson,Female,18,m.johnson@randatmail.com,419-9318-97,Upper secondary,Graphic Designer,124148,Married,2
Steven,Russell,Male,27,s.russell@randatmail.com,986-2703-77,Doctoral,Mechanic,44762,Married,5
Mary,Montgomery,Female,25,m.montgomery@randatmail.com,583-5911-28,Bachelor,Economist,104280,Single,5
Caroline,Jones,Female,18,c.jones@randatmail.com,876-7577-01,Primary,Social Worker,95817,Married,0
April,Hawkins,Female,24,a.hawkins@randatmail.com,103-2561-70,Bachelor,Historian,199520,Married,5
Julian,Harris,Male,26,j.harris@randatmail.com,069-4135-57,Bachelor,Biochemist,37004,Single,5
April,Bailey,Female,30,a.bailey@randatmail.com,801-9540-19,Doctoral,Engineer,127930,Married,0
Kelsey,Johnston,Female,18,k.johnston@randatmail.com,152-6245-66,Bachelor,Mechanic,103763,Married,0
Florrie,Roberts,Female,25,f.roberts@randatmail.com,499-9380-29,Upper secondary,Jeweller,118101,Single,1
Stella,Spencer,Female,22,s.spencer@randatmail.com,002-4283-63,Doctoral,Mechanic,150886,Married,2
Tess,Johnson,Female,26,t.johnson@randatmail.com,349-4949-04,Lower secondary,Fine Artist,186320,Single,3
Aiden,Murray,Male,18,a.murray@randatmail.com,848-3380-96,Lower secondary,Scientist,38037,Married,5
Aiden,Hamilton,Male,18,a.hamilton@randatmail.com,121-0665-63,Upper secondary,Physicist,163909,Married,3
Ned,Payne,Male,27,n.payne@randatmail.com,328-9997-63,Doctoral,Astronomer,136714,Single,3
Maria,Bennett,Female,30,m.bennett@randatmail.com,010-5209-38,Primary,Teacher,140412,Single,1
Savana,Elliott,Female,28,s.elliott@randatmail.com,282-5814-30,Primary,Architect,86026,Single,3
Melissa,Perry,Female,28,m.perry@randatmail.com,343-3492-18,Doctoral,Accountant,83013,Married,2
Elian,Myers,Male,19,e.myers@randatmail.com,320-5184-16,Bachelor,Producer,192233,Single,1
Gianna,Higgins,Female,26,g.higgins@randatmail.com,649-6349-66,Bachelor,Florist,77977,Single,1
Vanessa,Higgins,Female,20,v.higgins@randatmail.com,240-2732-70,Primary,Baker,136592,Married,5
Victor,Fowler,Male,30,v.fowler@randatmail.com,439-2054-51,Doctoral,Agronomist,156858,Single,3
Miranda,Scott,Female,18,m.scott@randatmail.com,589-8787-36,Primary,Mechanic,161020,Married,1
Rebecca,Farrell,Female,27,r.farrell@randatmail.com,866-5114-28,Doctoral,Scientist,34791,Married,2
Lenny,Elliott,Male,25,l.elliott@randatmail.com,690-1149-22,Doctoral,Agronomist,90013,Single,2
Agata,Riley,Female,24,a.riley@randatmail.com,533-6375-75,Upper secondary,Architect,69889,Single,1
Julian,Walker,Male,26,j.walker@randatmail.com,168-7037-88,Master,Engineer,146090,Single,2
Andrew,Stevens,Male,23,a.stevens@randatmail.com,698-0393-29,Master,Interpreter,40848,Single,4
Robert,Perkins,Male,24,r.perkins@randatmail.com,825-6762-00,Doctoral,Firefighter,47921,Married,4
Rafael,Harper,Male,24,r.harper@randatmail.com,691-3951-58,Primary,Police Officer,185143,Single,4
Lana,Taylor,Female,30,l.taylor@randatmail.com,396-2814-61,Upper secondary,Photographer,56065,Married,3
Leonardo,Wilson,Male,29,l.wilson@randatmail.com,832-6841-58,Master,Mathematician,152079,Married,2
Annabella,Walker,Female,18,a.walker@randatmail.com,138-0657-07,Bachelor,Journalist,104315,Single,0
Grace,Perry,Female,29,g.perry@randatmail.com,926-9550-56,Master,Jeweller,187671,Single,0
Tiana,Rogers,Female,21,t.rogers@randatmail.com,394-7519-65,Master,Baker,195847,Single,3
Patrick,Perry,Male,23,p.perry@randatmail.com,954-0609-68,Upper secondary,Chemist,126990,Married,1
Jacob,Harper,Male,20,j.harper@randatmail.com,451-0472-88,Lower secondary,Scientist,36125,Married,4
Alen,Howard,Male,21,a.howard@randatmail.com,070-9036-32,Lower secondary,Lecturer,54585,Married,2
Maria,Carroll,Female,23,m.carroll@randatmail.com,028-2673-40,Doctoral,Auditor,130133,Single,1
Samantha,Murray,Female,24,s.murray@randatmail.com,853-5888-21,Primary,Salesman,117320,Single,3
Aida,Clark,Female,29,a.clark@randatmail.com,921-5187-94,Master,Firefighter,133909,Single,0
Spike,Cole,Male,20,s.cole@randatmail.com,816-5406-20,Bachelor,Scientist,150151,Married,3
Julia,Crawford,Female,30,j.crawford@randatmail.com,963-6473-87,Upper secondary,Architect,78686,Married,4
Tara,West,Female,20,t.west@randatmail.com,738-8206-48,Lower secondary,Aeroplane Pilot,54819,Single,2
Edgar,Morris,Male,26,e.morris@randatmail.com,613-2634-26,Doctoral,Carpenter,171685,Married,4
Steven,Williams,Male,28,s.williams@randatmail.com,717-6987-35,Bachelor,Fashion Designer,142693,Married,1
Tony,Cole,Male,23,t.cole@randatmail.com,822-1268-98,Upper secondary,Police Officer,34933,Single,5
Kate,Perry,Female,25,k.perry@randatmail.com,001-7973-20,Doctoral,Botanist,179033,Single,0
Andrew,Mason,Male,30,a.mason@randatmail.com,093-8224-81,Primary,Economist,128054,Single,5
Myra,Casey,Female,20,m.casey@randatmail.com,255-5821-49,Master,Photographer,118882,Married,2
Charlie,Perkins,Male,21,c.perkins@randatmail.com,354-1332-96,Primary,Accountant,149914,Married,4
Sofia,Richards,Female,21,s.richards@randatmail.com,145-6185-40,Bachelor,Electrician,51372,Married,3
Amy,Mitchell,Female,21,a.mitchell@randatmail.com,682-6485-03,Primary,Carpenter,180849,Married,3
Ned,Brooks,Male,19,n.brooks@randatmail.com,883-6183-93,Upper secondary,Jeweller,149127,Single,1
Isabella,West,Female,29,i.west@randatmail.com,927-4504-49,Upper secondary,Geologist,100969,Married,5
George,Stevens,Male,29,g.stevens@randatmail.com,684-3280-03,Doctoral,Economist,140574,Single,0
Jasmine,Morris,Female,28,j.morris@randatmail.com,926-1786-45,Primary,Teacher,85922,Single,1
Carlos,Morris,Male,19,c.morris@randatmail.com,565-9872-75,Master,Programmer,131828,Single,5
Rubie,Thomas,Female,21,r.thomas@randatmail.com,716-7583-89,Bachelor,Journalist,141559,Single,2
Miranda,Montgomery,Female,19,m.montgomery@randatmail.com,564-3864-53,Bachelor,Social Worker,39327,Married,4
Marcus,Bailey,Male,24,m.bailey@randatmail.com,960-4885-84,Doctoral,Medic,30021,Single,0
Sabrina,Ross,Female,29,s.ross@randatmail.com,835-0652-05,Doctoral,Engineer,79232,Single,2
Victoria,Gray,Female,22,v.gray@randatmail.com,391-9594-34,Master,Firefighter,54024,Married,3
Lucas,Hunt,Male,20,l.hunt@randatmail.com,416-2748-97,Master,Auditor,82776,Married,5
Wilson,Hill,Male,23,w.hill@randatmail.com,399-4955-82,Lower secondary,Programmer,189551,Single,3
Madaline,Montgomery,Female,26,m.montgomery@randatmail.com,451-5112-11,Bachelor,Auditor,79592,Married,3
Preston,Scott,Male,21,p.scott@randatmail.com,165-3470-31,Primary,Aeroplane Pilot,67141,Married,3
Madaline,Hawkins,Female,27,m.hawkins@randatmail.com,575-0277-67,Lower secondary,Accountant,186386,Single,1
Bruce,Adams,Male,21,b.adams@randatmail.com,138-5858-50,Upper secondary,Chemist,49747,Married,5
James,Wilson,Male,23,j.wilson@randatmail.com,552-2955-93,Master,Chef,93817,Single,1
Rubie,Evans,Female,24,r.evans@randatmail.com,002-6851-99,Lower secondary,Fashion Designer,49981,Married,5
Carl,Barnes,Male,24,c.barnes@randatmail.com,371-1426-85,Master,Journalist,147533,Single,2
Vanessa,Farrell,Female,24,v.farrell@randatmail.com,405-9366-51,Master,Composer,43299,Single,5
Charlie,Richardson,Male,26,c.richardson@randatmail.com,309-9954-27,Master,Accountant,168778,Single,0
Maddie,Robinson,Female,20,m.robinson@randatmail.com,253-6641-46,Primary,Interpreter,61797,Married,0
Elian,Johnston,Male,27,e.johnston@randatmail.com,670-0417-38,Master,Composer,143130,Married,0
Chloe,Thompson,Female,22,c.thompson@randatmail.com,171-5311-50,Master,Scientist,34253,Single,1
Rubie,Warren,Female,29,r.warren@randatmail.com,514-6275-80,Lower secondary,Chemist,35539,Married,4
Amber,Stevens,Female,26,a.stevens@randatmail.com,719-0156-65,Lower secondary,Dancer,198629,Married,4
Walter,Hill,Male,27,w.hill@randatmail.com,160-0859-42,Upper secondary,Baker,136283,Single,1
Elian,Taylor,Male,24,e.taylor@randatmail.com,323-9435-51,Master,Teacher,150239,Single,3
Alexia,Higgins,Female,26,a.higgins@randatmail.com,067-7807-20,Primary,Baker,127066,Single,4
Harold,Smith,Male,23,h.smith@randatmail.com,435-3207-05,Master,Police Officer,70166,Married,2
Sofia,Morgan,Female,27,s.morgan@randatmail.com,893-0726-77,Primary,Meteorologist,122981,Single,0
Abigail,Mitchell,Female,25,a.mitchell@randatmail.com,311-2253-69,Lower secondary,Auditor,155896,Single,5
Jacob,Davis,Male,30,j.davis@randatmail.com,209-1742-90,Master,Programmer,152277,Single,5
Maya,Montgomery,Female,24,m.montgomery@randatmail.com,388-9493-29,Doctoral,Salesman,130226,Single,3
Garry,Howard,Male,19,g.howard@randatmail.com,012-9555-42,Primary,Aeroplane Pilot,40823,Married,1
Abraham,Crawford,Male,28,a.crawford@randatmail.com,820-0857-84,Upper secondary,Electrician,130758,Single,3
Richard,Higgins,Male,29,r.higgins@randatmail.com,197-9443-13,Lower secondary,Baker,180851,Married,4
Sarah,Ross,Female,30,s.ross@randatmail.com,850-8939-16,Master,Mechanic,158770,Single,3
Aldus,Douglas,Male,18,a.douglas@randatmail.com,273-0020-99,Upper secondary,Firefighter,126910,Single,3
